Station_ID,Site,Lives,Markets,Spat,SBox,DBox,NBox,OBox,z.Lives,z.Markets,z.Spat,z.SBox,z.DBox,z.NBox,z.OBox,p.Lives,p.Markets,p.Spat,p.SBox,p.DBox,p.NBox,p.OBox
1,Aberdeen Rock,1.7358490566037723,2.668238993710692,15.347484276729558,0.20754716981132076,0,-0.24842767295597487,-1.5613207547169812,0.0512751370517007,0.28224840035136817,0.30365845216495,0.32841918201369497,NaN,-0.26872720348936285,-0.3334362139800525,0.959,0.778,0.761,0.743,NaN,0.788,0.739
8,Bland Point,-4.060000000000002,-3.0599999999999996,88.9,0.039999999999999813,0,-0.28,-1.48,-0.08002442986587768,-0.4697978482106879,1.9024577259819915,0.024415303724530345,NaN,-0.3718689783741497,-0.4439447368499455,0.936,0.638,0.057,0.981,NaN,0.71,0.657
16,Brown Shoal,NA,NA,NA,NA,NA,NA,NA,NA,NA,NA,NA,NA,NA,NA,NA,NA,NA,NA,NA,NA,NA
17,Brown's Bay 2,-13.153153153153152,3.846846846846847,-13.117117117117116,-0.09909909909909914,-0.21621621621621623,-0.1846846846846847,-0.27477477477477474,-0.22439058350263533,0.29338463876397297,-0.23829807021954952,-0.12950141609502494,-0.4048075249920447,-0.18884186492132582,-0.12660670779358738,0.822,0.769,0.812,0.897,0.686,0.85,0.899
20,Burton Point,15.894179894179892,-1.0370370370370372,48.49735449735449,-0.523809523809524,-0.6851851851851852,-0.42592592592592593,-1.896825396825397,0.3152279252996205,-0.13933481809939693,0.5712850969345177,-0.16230869515906018,-0.3235777731044959,-0.45131936993375776,-0.5071758042278607,0.753,0.889,0.568,0.871,0.746,0.652,0.612
24,Cape Toon,-3.846666666666664,-2.313333333333333,44.233333333333334,-1.4266666666666667,-0.22,-0.38,-1.8533333333333335,-0.053887942661895526,-0.4031012002928419,0.7893866616824652,-0.46246464097983914,-0.40331275667677124,-0.43276353519612465,-0.6961642070216179,0.957,0.687,0.43,0.644,0.687,0.665,0.486
33,P.G. 56 Cockrell Creek,-10.123809523809523,-3.180952380952381,-18.685714285714287,-0.6,0,-0.2857142857142857,-2.3333333333333335,-0.25081261292781687,-0.2990542978514246,-0.4119674762470148,-0.6146362971528593,NaN,-0.49908340894508724,-0.5127786259117274,0.802,0.765,0.68,0.539,NaN,0.618,0.608
37,Cranes Creek,-30.314285714285717,-3.495238095238095,-20.504761904761903,-1.1428571428571428,-0.02857142857142857,-0.34285714285714286,-4.304761904761905,-0.6603958462760942,-0.5267559719458474,-0.30107278314057484,-0.7948732358632749,-0.1690308509457033,-0.5015904816732886,-1.0674247000171448,0.509,0.598,0.763,0.427,0.866,0.616,0.286
39,Dameron Marsh East,57.74285714285714,-1.438095238095238,-15.114285714285714,-1.0666666666666667,0,0.1333333333333333,-0.49523809523809526,1.2908593349941835,-0.3351046722045024,-0.2924082463454338,-0.5249097361316388,NaN,0.1756103706151026,-0.1507430773039157,0.197,0.738,0.77,0.6,NaN,0.861,0.88
40,Day's Point,44.92613636363637,0.1120129870129869,51.21915584415584,0.3449675324675325,0,-0.008928571428571397,2.63474025974026,0.6247644692238251,0.015282210429740133,1.633242480627675,0.26880473834977203,NaN,-0.008077577158235774,1.0496999511203917,0.532,0.988,0.102,0.788,NaN,0.994,0.294
48,Fleeton Point,21.394736842105264,-2.4473684210526314,8.605263157894736,-1,0,-0.13157894736842105,-2.508771929824561,1.1391596739698697,-0.43458841604935217,0.39080935176920006,-0.5418955560352877,NaN,-0.2771082380470817,-0.5605798937274347,0.255,0.664,0.696,0.588,NaN,0.782,0.575
50,Ginney Point,-41.36190476190476,-5.057142857142857,-19.26666666666666,-0.8,0,-0.7142857142857143,-1.5428571428571427,-0.6856916473867154,-0.5519838760418502,-0.3853052297414927,-0.4338609156373124,NaN,-0.48699607654623733,-0.5222961883706684,0.493,0.581,0.7,0.664,NaN,0.626,0.601
64,Haynie Point,19.257142857142867,-4.914285714285714,-58.77142857142857,-1.1714285714285713,0.2,-0.17142857142857137,-5.685714285714286,0.28585493476248097,-0.2760759985500299,-0.36686436118501337,-0.4051959217789399,Inf,-0.19391670025024832,-0.8523970442570251,0.775,0.782,0.714,0.685,0,0.846,0.394
65,Hills Bay,11.662162162162161,3.418918918918919,42,-0.17567567567567566,-0.13513513513513514,-0.10810810810810811,-0.9256756756756757,0.19504702031346577,0.6919993924525699,1.6811959424899545,-0.15522949033813704,-0.38990643368252736,-0.27490128473220243,-0.2943195908575339,0.845,0.489,0.093,0.877,0.697,0.783,0.769
75,Iron Point Reef,-37.17857142857143,-8.821428571428571,-33.03571428571429,-1.1428571428571428,0,-0.5357142857142857,0.6071428571428568,-0.3995472535660601,-0.4866944245731266,-0.24725259458316032,-0.3715686733335794,NaN,-0.3278128442858734,0.09465045873978913,0.689,0.626,0.805,0.71,NaN,0.743,0.925
77,Island Bar,-7.055555555555557,-5.25,40.861111111111114,-1.3611111111111112,0,-0.3055555555555556,-1.25,-0.11706978492581009,-0.45446455221989396,1.03303231303291,-0.568959173452808,NaN,-0.4894797289663999,-0.49772984071430343,0.907,0.649,0.302,0.569,NaN,0.625,0.619
109,Page's Rock,4.9659259259259265,4.554074074074075,20.38222222222222,0.27148148148148143,0.007037037037037036,0.1837037037037037,-0.7637037037037038,0.23478253027290039,0.6713908278531572,2.4383521609771117,0.4731682850290874,0.04104506422856009,0.06733076540563585,-0.20981434029229537,0.814,0.502,0.015,0.636,0.967,0.946,0.834
110,Palace Bar,-12.828571428571436,-1.8314285714285712,-16.634285714285717,-1.7657142857142858,0,-0.4285714285714286,-1.9142857142857144,-0.18544380139667993,-0.5451027136877704,-0.15237259411323795,-0.8132635019445522,NaN,-0.5262348115842176,-0.6554154239796547,0.853,0.586,0.879,0.416,NaN,0.599,0.512
123,Point of Shoal,54.130303030303054,-9.053030303030303,196.02727272727276,-0.29848484848484846,0,-0.9606060606060607,-3.116666666666667,0.2861790741571365,-0.3809657249177635,1.7307544651833102,-0.21327907668398238,NaN,-0.46331307302922237,-0.42505998044365007,0.775,0.703,0.083,0.831,NaN,0.643,0.671
131,Nansemond Ridge,81.04329004329004,0.7294372294372294,144.94480519480518,0.5562770562770564,-0.025974025974025976,0.6277056277056277,1.1590909090909092,24.26084821980751,2.100089161308469,9.407325560369774,0.48909741418627917,-0.1622354656674869,3.2227876731737033,4.005637261426687,0,0.036,0,0.625,0.871,0.001,0
133,Sandy Point,-32.25714285714286,-3.6000000000000005,-26.142857142857146,-1.4857142857142858,0,-0.45714285714285713,-3.685714285714286,-0.376090433999645,-0.6223835069458298,-0.3050732363370468,-0.6680341297891722,NaN,-0.6582175729347096,-0.6507457074963937,0.707,0.534,0.76,0.504,NaN,0.51,0.515
135,Shell Bar,-24.32857142857143,-0.6142857142857143,-24.04285714285714,-1.157142857142857,0,-0.4857142857142857,-0.2857142857142856,-0.30364826941828965,-0.12265939801509387,-0.2779214166921868,-0.5289951961097098,NaN,-0.3733572805754799,-0.06357323896538715,0.761,0.902,0.781,0.597,NaN,0.709,0.949
140,Stove Point,-15.82857142857143,-4.104761904761904,29.038095238095245,-1.057142857142857,-0.14285714285714285,-0.5142857142857142,-2.0380952380952375,-0.21418108152419968,-0.5178564365844914,0.29501248763433835,-0.42752431047609923,-0.40237390808147844,-0.6584300314060549,-0.5882238537123265,0.83,0.605,0.768,0.669,0.687,0.51,0.556
150,Three Branches,-23.904761904761905,-16.152380952380952,58.790476190476184,0.2761904761904761,0,-0.6,-3.9142857142857146,-0.40500367809177534,-0.8755790997157816,1.089456234862072,0.22801323685802974,NaN,-0.6564951755290802,-0.8478128787236067,0.685,0.381,0.276,0.82,NaN,0.512,0.397
169,White Shoal,200.21428571428572,0.7857142857142856,-1.7857142857142776,-0.35714285714285676,0,-0.6428571428571428,-1.3214285714285716,4.5808418323985105,0.16810208888030473,-0.009168966799946407,-0.07843054611049387,NaN,-0.5368596085805397,-0.3764550789948719,0,0.867,0.993,0.937,NaN,0.591,0.707
174,Wreck Shoal,75.14666666666666,-2.064444444444444,-10.513333333333335,-0.6814814814814815,0,1.3696296296296295,0.7170370370370365,0.9201548310186942,-0.16955535799995178,-0.07132756926778666,-0.2926452724435729,NaN,1.0170890115224578,0.14914367252700717,0.357,0.865,0.943,0.77,NaN,0.309,0.881
180,Morattico Bar,4.022222222222222,0.06666666666666665,1.5777777777777777,-0.06666666666666667,0,0,0.4444444444444444,3.5738382291465243,0.1456438162508838,2.8143850460499986,-0.2581988897471611,NaN,NaN,Inf,0,0.884,0.005,0.796,NaN,NaN,0
187,Rogue Point,16.41428571428571,-0.5714285714285716,-75.80000000000001,-2.307142857142857,0,-0.5714285714285714,-1.3357142857142859,0.19624566032190693,-0.15136396933530125,-0.28448543590667286,-0.3119398190238038,NaN,-0.4882493005542088,-0.4404121884939831,0.844,0.88,0.776,0.755,NaN,0.625,0.66
193,Cruiser's Rock,36.34666666666667,2.3,-6.680000000000007,-2.08,-0.08,-0.66,0.28,0.8040076463274763,1.001372365849508,-0.03582357359344724,-0.6026622224645948,-0.2349707803230729,-0.5004621192315469,0.14834018857920642,0.421,0.317,0.971,0.547,0.814,0.617,0.882
198,Cross Rock,-64.5323943661972,-5.109859154929577,-30.46760563380282,-0.2788732394366198,0,-1.7549295774647886,-4.92394366197183,-0.516449499464992,-0.8775913345817062,-0.24578027560027998,-0.15327653902096294,NaN,-0.5513089301205424,-0.8602170688167535,0.606,0.38,0.806,0.878,NaN,0.581,0.39
202,Mill Creek East,NA,NA,NA,NA,NA,NA,NA,NA,NA,NA,NA,NA,NA,NA,NA,NA,NA,NA,NA,NA,NA
206,Milford Haven,29.028571428571432,8.428571428571429,2.7809523809523817,0.18095238095238092,0,-0.34285714285714286,2.3714285714285714,1.080178193497292,0.9283571467003745,0.07116792623760518,0.24371702205018664,NaN,-0.5015904816732885,0.7453531638861615,0.28,0.353,0.943,0.807,NaN,0.616,0.456
210,Pultz Bar,25.694444444444443,10.722222222222221,448.5,-0.05555555555555558,0.36111111111111116,0.13888888888888887,0.41666666666666663,0.888828453865211,3.7560135165159756,3.9703415814698606,-0.03840962477030705,0.3758687907437432,0.29729419500528154,0.24318224597622812,0.374,0,0,0.969,0.707,0.766,0.808
213,Marshalls Rock,6.146341463414634,7.073170731707317,17.975609756097562,-0.33333333333333337,-0.008130081300813052,-0.04878048780487805,1.0325203252032522,0.2754440455949345,1.1969611566269174,0.4600406388211074,-0.17099639201419237,-0.00951236274982061,-0.223676707646247,0.9098579132774621,0.783,0.231,0.645,0.864,0.992,0.823,0.363
214,Byrd Rock,4.381818181818181,6.536363636363637,-5.85,-0.1454545454545454,-0.20454545454545456,0.15454545454545454,0.3045454545454545,0.2796053041512295,1.9872800241979018,-0.18747686797890692,-0.14560854713394797,-0.3444986164199774,0.733461224582028,0.36982763454672746,0.78,0.047,0.851,0.884,0.73,0.463,0.712
226,Mulberry,-21.586666666666673,-3.24,74.02000000000001,0.9,0,-0.4,-4.773333333333333,-0.13934902582922,-0.5703752000678669,1.0402132425520554,0.7226595616922699,NaN,-0.24895036570565668,-0.44575604706052574,0.889,0.568,0.298,0.47,NaN,0.803,0.656
305,Heron Rock,-14.057142857142857,-5.828571428571428,2.333333333333332,-0.2571428571428571,-0.11428571428571428,-0.6285714285714286,-2.666666666666667,-0.4438613396858496,-0.749719294081358,0.08444955415188471,-0.14251748100415368,-0.2830509147203129,-0.49797661719387054,-0.6136781729582583,0.657,0.453,0.933,0.887,0.777,0.619,0.539
312,Blackberry Hang,11.009523809523806,9.857142857142858,68.79047619047618,-0.9904761904761906,-0.02857142857142857,-0.319047619047619,0.26190476190476186,0.2887967352720401,0.8439403674496494,1.3468188370194165,-0.6544170339932406,-0.1690308509457033,-0.34700041828505906,0.05544783745992671,0.773,0.399,0.178,0.513,0.866,0.729,0.956
321,Burton Point B,-3.7238095238095235,-1.542857142857143,-1.276190476190476,-0.05714285714285714,0,-0.02857142857142857,-0.42857142857142855,-0.453357733538831,-0.4450106918038607,-0.2905633753973789,-0.24264059609731187,NaN,-0.16903085094570333,-0.2597312408246598,0.65,0.656,0.771,0.808,NaN,0.866,0.795
326,Upper Deep Water Shoal,253.80026315789473,-16.12,246.2321052631579,0.29052631578947363,0,-0.036052631578947336,-7.24421052631579,1.3582653637206186,-0.5959614475015687,1.9344364461190466,0.147818205199037,NaN,-0.03182667913383925,-0.43966215878054715,0.174,0.551,0.053,0.882,NaN,0.975,0.66
327,Lower Deep Water Shoal,117.98255813953489,-22.302325581395348,152.83720930232556,0.5406976744186047,0,0.11046511627906974,-12.575581395348838,0.8008353429397359,-1.2513519338873955,1.7437489758085223,0.3385722875438836,NaN,0.05822739336518296,-0.6686670620047888,0.423,0.211,0.081,0.735,NaN,0.954,0.504
328,Upper Horsehead,-129.6642857142857,-11.8,168.2214285714286,-1.7428571428571429,0,-2.678571428571429,-9.885714285714286,-0.49318907660398753,-0.7154182091454065,0.6912256328912775,-0.7001380888134415,NaN,-0.5355343044272595,-0.9533921528325332,0.622,0.474,0.489,0.484,NaN,0.592,0.34
329,Middle Horsehead,-112.71276595744683,-9.837765957446809,218.8563829787234,-0.5425531914893615,0,-1,-8.51063829787234,-0.4800842807439714,-0.5779996533891323,1.0145957749181318,-0.19615636940611053,NaN,-0.3646203187956106,-1.1596121924669556,0.631,0.563,0.31,0.844,NaN,0.715,0.246
330,Lower Horsehead,-7.875,-3.85,464.1,2.925,0,-2.3,-12.375,-0.025215887527934275,-0.9641236907553591,1.7543498237410262,1.622338087952987,NaN,-0.9968882220026626,-0.9306761104635726,0.98,0.335,0.079,0.105,NaN,0.319,0.352
331,Moon Rock,-209.92708333333331,-3.947916666666667,177.625,1.6875,0,-2.4479166666666665,-13.604166666666666,-1.0340714680238534,-0.8365209270072467,1.0022581601853626,0.6986108983433023,NaN,-0.722897566278163,-1.1792197864521565,0.301,0.403,0.316,0.485,NaN,0.47,0.238
332,V-Rock,-51.29350649350647,-7.153246753246753,161.65454545454546,-0.48051948051948057,0,-0.7012987012987013,-3.3532467532467525,-0.42978368750054174,-0.7712397024919961,1.3453123840634498,-0.264261246784455,NaN,-0.23306972202438384,-0.518173793214119,0.667,0.441,0.179,0.792,NaN,0.816,0.604
335,Shanty Rock,64.1904761904762,3.152380952380952,-32.17142857142858,-1.3714285714285714,0,0.22857142857142865,-1.2000000000000002,0.6627752164611884,0.4997703977122184,-0.24299780601978696,-0.573878545116936,NaN,0.09614284997885175,-0.18377930905596007,0.507,0.617,0.808,0.566,NaN,0.923,0.854
336,Dry Lumps,54.97142857142856,-13.17142857142857,58.38095238095241,-0.37142857142857144,0,-0.12380952380952381,-0.7523809523809515,0.47606042551537736,-1.1903388944368063,0.29205865477679727,-0.26624380487041877,NaN,-0.051216534688997666,-0.1676538362633224,0.634,0.234,0.77,0.79,NaN,0.959,0.867
338,Swash,-48.95454545454545,-1.6,-2.2181818181818187,0.1575757575757576,0,-0.6,-7.381818181818182,-0.3794794441978499,-0.6172471080158299,-0.02349552971271655,0.12945791646039925,NaN,-0.48271795810637097,-0.6595009374728792,0.704,0.537,0.981,0.897,NaN,0.629,0.51
339,Upper Jail Island,16.403841703309425,-0.5690812311964824,3.6375838926174495,-0.14880814626243924,0,0.03425133071048367,-0.41865308956260106,0.17251752119878436,-0.2463426129465947,0.04935938715376948,-0.15630253731400826,NaN,0.05321951805501236,-0.09812308997133679,0.863,0.805,0.961,0.876,NaN,0.958,0.922
340,Swash Mud Slough,-12.784444444444446,-1.691851851851852,-4.511851851851851,-0.5711111111111111,0,-0.502962962962963,-3.082222222222222,-0.1921455776999019,-0.44425134541681643,-0.07107606999613471,-0.41179465179954133,NaN,-0.33664515626729064,-0.5926663993041981,0.848,0.657,0.943,0.68,NaN,0.736,0.553
341,Offshore Swash,18.60666666666667,-0.74,24.21333333333333,-0.2466666666666666,0,-0.20666666666666667,-0.1599999999999997,0.16862574561155938,-0.27589832828598315,0.31235501935728255,-0.18882225985754839,NaN,-0.12393945913103897,-0.025899316561469286,0.866,0.783,0.755,0.85,NaN,0.901,0.979
342,Lower Jail Island,23.100707924183602,1.7394382279059146,17.96665905457867,-0.22744918931262847,0,-0.16282256222881936,0.43160538935830095,0.5925553038341134,0.3942726990327229,0.48319580503728354,-0.11337101800185656,NaN,-0.16234305033422752,0.2797604360656197,0.553,0.693,0.629,0.91,NaN,0.871,0.78
343,Offshore Jail Island,-4.657777777777781,-2.8755555555555556,-14.657777777777774,-0.4822222222222223,0,-0.11333333333333329,-1.3022222222222224,-0.07728233403349655,-0.49152767573018075,-0.24940036035368673,-0.41602128282277806,NaN,-0.057154302752782195,-0.2377635096702413,0.938,0.623,0.803,0.677,NaN,0.954,0.812
346,Hotel Rock,85.4095238095238,-4.685714285714285,84.78095238095237,1.638095238095238,0,2.342857142857143,4.504761904761905,0.843854066167513,-0.44895888926768696,0.9380988489671892,0.9801264762184373,NaN,2.110825361530354,1.494349352539577,0.399,0.653,0.348,0.327,NaN,0.035,0.135
347,Snyder's Rock,149.95238095238096,8.00952380952381,189.05714285714285,0.07619047619047614,0,-0.4857142857142857,3.733333333333333,2.5927734979346027,1.380876494782055,3.229922987860753,0.04614596643510135,NaN,-0.5693710897203194,2.4585451886114367,0.01,0.167,0.001,0.963,NaN,0.569,0.014
348,Triangle Rock,32.52380952380952,-5.914285714285715,185.94285714285715,-0.09523809523809534,0,-0.03809523809523796,-1.923809523809524,0.18669547234431988,-0.6968995250380836,1.7400293694998943,-0.06038628690773804,NaN,-0.014705490672564306,-0.2563614860612237,0.852,0.486,0.082,0.952,NaN,0.988,0.798
357,Deep Rock,55.71774891774892,0.5428571428571427,114.16796536796538,1.0761904761904761,-0.05194805194805194,-0.5852813852813853,4.9393939393939394,2.090922568256288,0.08008967965656444,1.723166702586952,0.6565986948402668,-0.12903096703832614,-0.49230787511321744,2.050745060188809,0.037,0.936,0.085,0.511,0.897,0.623,0.04
361,Tanner Point,2.8428571428571425,-1.2,1.1571428571428575,1.0142857142857142,0.4928571428571429,0.19285714285714287,-1.35,0.3071901825525345,-0.36104215501750003,0.15773005474434745,0.8650518509633092,0.4744735681670641,0.8189120118284278,-0.405740555666082,0.759,0.718,0.875,0.387,0.635,0.413,0.685
365,Palace Bar B,-5.171428571428572,-2.4857142857142858,-2.0380952380952375,0.4095238095238095,0,-0.22857142857142856,-1.4095238095238096,-0.5791452767634724,-0.8808706968600016,-0.3185059681508945,0.6231191202995505,NaN,-0.3126560706407849,-0.7544190579721597,0.562,0.378,0.75,0.533,NaN,0.755,0.451
367,Beverly's 1,7.519047619047619,-2.628571428571429,55.56666666666667,1.0714285714285714,-0.11428571428571428,-0.45714285714285713,5.152380952380953,0.44289358053393024,-0.5142932713502752,2.227999277202113,1.5346972230712028,-0.2830509147203129,-0.4662430882947408,3.1538512041528075,0.658,0.607,0.026,0.125,0.777,0.641,0.002
368,Western Branch (Hull Creek),66.54285714285714,0.7904761904761912,4.361904761904764,-0.6285714285714286,0,-1.019047619047619,-7.057142857142857,2.209781384273001,0.12060070897995055,0.10370371504901789,-0.6905413026317789,NaN,-0.552792810228056,-0.9271454089103631,0.027,0.904,0.917,0.49,NaN,0.58,0.354
369,Hospital Point,19.472222222222225,-0.5,-7.694444444444445,0,0,0.4722222222222221,-2.5,1.1759734193309674,-0.5916079783099616,-0.3423339980022853,0,NaN,0.3007191371160393,-0.5340431499884103,0.24,0.554,0.732,1,NaN,0.764,0.593
370,Ballard's Marsh,71.9,9.72,78.55999999999999,0.6000000000000001,0,0.19999999999999996,1.48,1.5526815683908506,0.9540909796544356,0.31897214693738296,0.18347785189881796,NaN,0.24009801919951237,0.5108471325571474,0.12,0.34,0.75,0.854,NaN,0.81,0.609
371,Tow Stake East (25-2),31.057142857142857,0.8285714285714287,542.6,3.142857142857143,-0.009523809523809545,-0.2,1.2571428571428571,1.5116333838112146,0.16660145558009848,6.4618082992499755,2.487260775514609,-0.014902737336351082,-0.4230217115244236,1.3232928689544896,0.131,0.868,0,0.013,0.988,0.672,0.186
372,Tow Stake West (25-1),28.35238095238095,-0.2761904761904762,655.8857142857142,4.066666666666667,3.0095238095238095,-0.2857142857142857,-0.5428571428571428,0.6971828859115405,-0.0949157098610356,5.176667259590078,3.4084376478476743,2.535912457234384,-0.4023739080814784,-0.5226085678361866,0.486,0.924,0,0.001,0.011,0.687,0.601
373,Upper Thomas Rock,123.28,0.47999999999999954,21.540000000000006,-0.020000000000000018,0,0,0.3799999999999999,3.2919837697194607,0.06613353221744199,0.1612858865789283,-0.007426454834863058,NaN,0,0.18579152189683545,0.001,0.947,0.872,0.994,NaN,1,0.853
374,Lower Thomas Rock,31.846153846153847,4.284615384615385,-39.99615384615384,-0.8807692307692309,-0.07692307692307693,0.7961538461538461,1.6653846153846152,0.649709918662935,0.6397858573523637,-0.3145452247413958,-0.2714362558414717,-0.1386750490563073,1.0291893748143577,0.9644849136411715,0.516,0.522,0.753,0.786,0.89,0.303,0.335
375,Upper Dog Shoal,87.34397163120568,3.0141843971631204,-21.12411347517731,-0.9574468085106382,-0.02127659574468085,-0.24113475177304972,-0.8829787234042554,1.845390972291947,0.9015240275050744,-0.09203805767207174,-0.3199556798479984,-0.14586499149789453,-0.21204062011681693,-0.6206395207827795,0.065,0.367,0.927,0.749,0.884,0.832,0.535
376,Lower Dog Shoal,36.072222222222216,4.68888888888889,36.68888888888888,-0.9444444444444444,0,0.011111111111111127,-0.47777777777777763,1.0334592835674754,0.5006868839021134,0.4803504485610463,-0.7102383121206499,NaN,0.013265286390675743,-0.21601300756907366,0.301,0.617,0.631,0.478,NaN,0.989,0.829
377,High Shoal,73.28571428571429,-0.4285714285714288,-25.085714285714282,-0.7142857142857143,0,-0.2857142857142857,-0.2857142857142856,2.6318642619911543,-0.10080370395191043,-0.3627914336786974,-0.3276932856865651,NaN,-0.31074664324035134,-0.08936495285984863,0.008,0.92,0.717,0.743,NaN,0.756,0.929
383,Beverly's 2,21.92142857142857,0,98.25,0.27142857142857135,0.8,-0.042857142857142816,6.735714285714286,0.7693892739431075,0,3.2708339432228093,0.15813320957760413,1.692086846097694,-0.029311506622573546,2.33575503903535,0.442,1,0.001,0.874,0.091,0.977,0.02
384,Beverly's 3,-3.057142857142857,-5.335714285714285,28.314285714285713,-0.41428571428571426,-0.05714285714285714,-0.2142857142857143,3.55,-0.12424256622834086,-0.8360792744432851,0.8042095806065186,-0.3880999562793764,-0.2426405960973119,-0.1713997671653372,1.1689065294067766,0.901,0.403,0.421,0.698,0.808,0.864,0.242
385,Ingrams Bay North,18.59047619047619,-0.7523809523809524,18.409523809523808,-0.7142857142857142,0,-0.2,-1.8476190476190477,0.5695916700665992,-0.1343220709295295,0.4642376739124455,-0.3881440400380845,NaN,-0.4928053803045811,-0.38024513343342237,0.569,0.893,0.642,0.698,NaN,0.622,0.704
386,Ingrams Bay South,-1.5428571428571427,-0.3142857142857145,-6.142857142857142,-0.34285714285714286,0,-0.08571428571428572,-1.8571428571428572,-0.09668056635863996,-0.08368553291281815,-0.3024179553463237,-0.5015904816732886,NaN,-0.3017804310611086,-0.6228392300218623,0.923,0.933,0.762,0.616,NaN,0.763,0.533
387,Indian Field,13.090909090909093,16.39393939393939,-9.060606060606062,-0.09090909090909094,-0.030303030303030304,-0.06060606060606055,-3.9696969696969697,0.4038576623843667,1.6476844248571862,-0.32866354446758694,-0.12832206480418298,-0.1740776559556977,-0.03657202567059952,-0.8056201208590708,0.686,0.099,0.742,0.898,0.862,0.971,0.42
388,Cheatam P.G. 1,0.5857142857142854,1.064285714285714,-2.3357142857142854,0.10714285714285715,0,-0.06428571428571428,-2.942857142857143,0.04248316233889533,0.18766348934010074,-0.156259151747726,0.3017804310611088,NaN,-0.10185885351692804,-0.8712779965381039,0.966,0.851,0.876,0.763,NaN,0.919,0.384
389,Timberneck,18.651869158878505,9.143302180685357,35.44548286604362,0.4213395638629283,-0.16822429906542055,0.14485981308411217,-0.47819314641744537,0.5126915716470584,1.9342016385934147,0.9108758578669203,0.4122093966709424,-0.36136210684119713,0.19840776755409945,-0.20329211852803783,0.608,0.053,0.362,0.68,0.718,0.843,0.839
391,Cobbs Creek,16.666666666666668,-6.111111111111111,51.222222222222214,0.24999999999999994,0,-0.3055555555555556,-3.083333333333334,0.42836955546894745,-0.6514231336196327,1.8773371282752231,0.2758386421836852,NaN,-0.4571105654810476,-0.6298515951864643,0.668,0.515,0.06,0.783,NaN,0.648,0.529
392,Shipley's Edge,-5.133333333333335,-0.49523809523809526,24.085714285714285,1.380952380952381,0,-0.17142857142857143,-2,-0.22165569595102266,-0.13910068330821512,1.281806760670489,1.2870395723715806,NaN,-0.24264059609731206,-0.7150371986748115,0.825,0.889,0.2,0.198,NaN,0.808,0.475
393,Thompsons,-1.9809523809523812,-0.37142857142857144,1.1238095238095243,-0.11428571428571428,0,-0.02857142857142857,-1.1428571428571428,-0.221577314002938,-0.42335145022249504,0.06448395806478481,-0.2830509147203129,NaN,-0.1690308509457033,-0.5330546847598021,0.825,0.672,0.949,0.777,NaN,0.866,0.594
394,Docs View,-1.2571428571428571,-0.22857142857142856,-0.6571428571428573,-0.08571428571428572,0,0,-0.17142857142857143,-0.27851973620097575,-0.296751602451047,-0.14341180586417168,-0.2294946929965862,NaN,NaN,-0.3337273982491235,0.781,0.767,0.886,0.818,NaN,NaN,0.739
395,Fishing Point,-52.64642857142857,-5.15,-30.625,-0.18571428571428572,0,-0.6571428571428573,-0.6071428571428572,-0.6534385097458684,-0.42248283163257544,-0.26297799542971695,-0.08467616856279624,NaN,-0.4467050599459269,-0.1513618155924695,0.513,0.673,0.793,0.933,NaN,0.655,0.88
407,Hilly Wash,-68.39285714285714,-21.17142857142857,-3.064285714285713,-0.40714285714285714,0,-0.8857142857142857,3.6071428571428577,-1.141494146346358,-0.9385976909298281,-0.0822257466722865,-0.3175673722745959,NaN,-0.5519792470245973,0.5901359800124135,0.254,0.348,0.934,0.751,NaN,0.581,0.555
409,Harcum Flats,-34.885714285714286,-1.2071428571428573,-11.735714285714284,-0.9428571428571428,0,-0.42857142857142855,13.07857142857143,-0.47681197836851086,-0.22852669932309672,-0.2774517230576511,-0.8494784991524595,NaN,-0.5041357197424773,4.5989213473464075,0.633,0.819,0.781,0.396,NaN,0.614,0
410,Upper Brown Shoal,-12.607142857142854,-0.03571428571428559,0.8035714285714306,0.6607142857142858,-0.32142857142857145,-1,0.3571428571428572,-0.16467492748986,-0.006021814392834016,0.010647201232769847,0.356071743232963,-0.30439084659963933,-0.653358607776565,0.16439569613317387,0.869,0.995,0.992,0.722,0.761,0.514,0.869
411,Lower Brown Shoal,36.12954545454545,2.8886363636363637,-15.154545454545456,-0.5249999999999999,-0.275,0.8772727272727273,-0.8613636363636363,0.7592211237443625,0.4642375858429105,-0.1571651632286945,-0.2592182339786385,-0.3136789687129887,0.6083541914275192,-0.2176241645885467,0.448,0.642,0.875,0.795,0.754,0.543,0.828
412,Brown's Bay 1,19.394736842105264,1.105263157894737,158.73391812865498,0.3771929824561403,0.005847953216374269,-0.02046783625730994,0.18713450292397665,1.607341223471752,0.3833436314609811,22.912455885604842,0.49122334634078296,0.015060126488824037,-0.049437451298497595,0.2954656350142682,0.108,0.701,0,0.623,0.988,0.961,0.768
413,Nansemond Ridge 2017 Shell Plant,128.78571428571428,4.357142857142857,-280.64285714285717,-3.857142857142857,-0.07142857142857142,0.8571428571428571,1.142857142857143,1.1874142391462548,2.6473662849868287,-0.3347852993214297,-0.6844433352654716,-0.26726124191242445,Inf,2.1380899352993956,0.235,0.008,0.738,0.494,0.789,0,0.033
414,Brown's Bay #1-2017,-7,6.2142857142857135,24.42857142857143,0.8571428571428571,-0.07142857142857142,0.07142857142857142,1.5,-0.18802088611022597,0.8728582548736336,0.7930538622309076,Inf,-0.2672612419124244,0.26726124191242445,0.7687061147858074,0.851,0.383,0.428,0,0.789,0.789,0.442
415,Beverly's 4,7.285714285714285,-1.2142857142857144,35.42857142857142,1.5714285714285714,0.7142857142857142,-0.07142857142857142,2.1428571428571432,0.7215486993146816,-0.354699970186133,2.1459197441581486,2.078804601550749,1.9669894811736073,-0.12337942468498216,0.7693280454011231,0.471,0.723,0.032,0.038,0.049,0.902,0.442
416,Deep Rock 4,9.43809523809524,1.219047619047619,38.58095238095238,0.46666666666666656,-0.18095238095238098,-0.06666666666666667,2.6857142857142855,0.4988321036394698,0.5133983478526822,2.9920603503378818,0.17311677839032427,-0.14523294675338028,-0.2581988897471611,2.269842855556587,0.618,0.608,0.003,0.863,0.885,0.796,0.023
417,Ginney Point Stone Plant (2018),20,0,87.21428571428571,7,0,0.5,0.10714285714285715,Inf,NaN,115.37365538606657,Inf,NaN,Inf,0.2834733547569204,0,NaN,0,0,NaN,0,0.777
1001,#1 Spike B Offshore,-24.68571428571429,-0.6000000000000005,-4.114285714285714,-1.4571428571428573,-0.34285714285714286,-0.37142857142857144,-3.2,-0.6501888447524132,-0.07461692562361211,-0.08748027427119093,-0.7133000506099124,-0.3785835798500566,-0.5753179846051558,-0.6740027815061889,0.516,0.941,0.93,0.476,0.705,0.565,0.5
1002,#2 Spike A,0.9444444444444429,6.166666666666666,30.72222222222222,0.2222222222222222,-0.05555555555555555,-0.5277777777777778,3.0555555555555554,0.048942944309606023,1.9122021582502973,1.119384184474001,0.13840913308956665,-0.2391433513264797,-0.624822308197426,1.3798006949346608,0.961,0.056,0.263,0.89,0.811,0.532,0.168
1003,#3 Spike,35.66428571428571,2.835714285714286,68.10714285714286,-2.657142857142857,-0.02857142857142857,-0.7714285714285715,-1.2000000000000002,1.272752180362891,1.0932718324680766,1.0970164353432645,-0.3842459999495612,-0.1690308509457033,-0.5369761778162161,-0.41696958685692703,0.203,0.274,0.273,0.701,0.866,0.591,0.677
1004,#4 Lower Edge East,2.3142857142857167,1.7142857142857144,16.114285714285707,-1.0857142857142859,0.057142857142857134,-0.08571428571428569,-0.6285714285714286,0.10333280309981537,0.44703102207103884,0.12212427252632849,-0.42527527370494284,0.15299646199772407,-0.08734426251600738,-0.259055639259775,0.918,0.655,0.903,0.671,0.878,0.93,0.796
1005,#5 Lower Edge Middle,44.49047619047619,6.085714285714285,107.49523809523811,-1.1333333333333333,-0.05714285714285714,-0.5428571428571428,-0.31904761904761925,2.242579533708878,2.1727242833836162,3.8611252419614766,-0.533213962335599,-0.1690308509457033,-0.6127532158364374,-0.1639582955751714,0.025,0.03,0,0.594,0.866,0.54,0.87
1006,#6 Lower Edge West,19.97142857142857,6.828571428571428,36.42857142857142,-0.942857142857143,0,-0.31428571428571433,-0.7428571428571429,0.6555159116979327,1.0790800342556977,0.9093517564547139,-0.47513632481949636,NaN,-0.2626414856157828,-0.26842580992933696,0.512,0.281,0.363,0.635,NaN,0.793,0.788
1007,#7 Broad Creek,29.690476190476183,13.295238095238098,86.31904761904761,-1.0333333333333334,0,-0.46190476190476193,0.12380952380952381,0.9493926602792799,2.396812992393133,1.8687925158977359,-0.5028085773836403,NaN,-0.47485030902396147,0.053707087721715514,0.342,0.017,0.062,0.615,NaN,0.635,0.957
1008,#8 Sturgeon Bar East,16.88333333333333,-0.7722222222222221,27.555555555555557,0.0888888888888888,0,-0.9722222222222222,-0.5277777777777777,0.7285356939879309,-0.11615423786756957,1.3459067759780994,0.04693140248106505,NaN,-0.7248114678804308,-0.25411868454849085,0.466,0.908,0.178,0.963,NaN,0.469,0.799
1009,#9 Sturgeon Bar West,-7.142857142857144,-2.1999999999999997,-4.628571428571428,-0.7142857142857143,0,-0.45714285714285713,0.22857142857142865,-0.5196195459609605,-0.6566863005078096,-0.12542980793742106,-0.7463322286648926,NaN,-0.5860789670712061,0.13159766972586623,0.603,0.511,0.9,0.455,NaN,0.558,0.895
1010,#10 North End,-16.85238095238095,-4.919047619047619,17.161904761904758,-1.4571428571428573,0,-0.23333333333333336,-0.7857142857142856,-0.407038234929948,-0.5808145403158731,0.09545250618641862,-0.4867607417604829,NaN,-0.28746980517767234,-0.3829298902239384,0.684,0.561,0.924,0.626,NaN,0.774,0.702
1011,#11 Parrot Rock East,-0.41904761904761756,1.7333333333333334,71.50952380952381,1.0761904761904764,0,-0.5714285714285714,-0.15714285714285725,-0.01191645248322741,0.34740312447770305,1.5405722925340641,0.5407142759951994,NaN,-0.6026200028407328,-0.07638802210887892,0.99,0.728,0.123,0.589,NaN,0.547,0.939
1012,#12 Parrot Rock West,-13.8,0.06666666666666732,-2.295238095238096,0.11428571428571432,0,-0.14285714285714285,-0.7714285714285714,-0.4952259815494825,0.01967402844524029,-0.0675154449681164,0.07379695515160922,NaN,-0.28938528360048293,-0.4790394054432374,0.62,0.984,0.946,0.941,NaN,0.772,0.632
1013,#13 Temple Bay 1,10.438095238095237,-0.4476190476190469,24.609523809523807,-0.8571428571428571,0,-0.4,0.5333333333333334,0.41918240339544166,-0.07190608469444734,1.1981446714030446,-0.7510361506207075,NaN,-0.5759403763178709,0.32144025363536843,0.675,0.943,0.231,0.453,NaN,0.565,0.748
1014,#14 Temple Bay 2,-4.6380952380952385,-1.3142857142857145,-5.4,-0.45714285714285713,0,-0.2857142857142857,0.12380952380952381,-0.4539707475185711,-0.3140311544625453,-0.4051355643587026,-0.42856439468097124,NaN,-0.49908340894508724,0.047949207751344314,0.65,0.753,0.685,0.668,NaN,0.618,0.962
1015,#15 Temple Bay 3,9.17142857142857,1.352380952380952,-0.6952380952380945,-0.5238095238095237,0,-0.2571428571428571,0.19047619047619047,0.4266531212788364,0.44533830116157597,-0.01733972845927128,-0.34520063800252315,NaN,-0.5798825193638243,0.13852332843981857,0.67,0.656,0.986,0.73,NaN,0.562,0.89
1016,#16 Temple Bay 4,29.09523809523809,1.6476190476190475,28.638095238095236,-0.8285714285714286,0,-0.42857142857142855,-1.1619047619047618,1.638675349948852,0.5442987830809161,1.4265145689477583,-0.6638173042855596,NaN,-0.4675162334843877,-0.5626894607793614,0.101,0.586,0.154,0.507,NaN,0.64,0.574
1017,#17 Temple Bay 5,6.885714285714286,1.923809523809524,10.96190476190476,-0.7142857142857143,0,-0.3142857142857143,-0.18095238095238075,0.37324398935181874,0.34640077338243264,1.1638512362819733,-0.5160336489193731,NaN,-0.5932324350409393,-0.07338182416575488,0.709,0.729,0.244,0.606,NaN,0.553,0.942
1018,#18 Drumming Ground Offshore,-0.9287878787878796,-6.595454545454546,42.098484848484844,-1.0015151515151515,-0.5333333333333333,-0.40909090909090906,-0.6575757575757577,-0.03200808501363801,-0.7317686820937582,1.8114431988458777,-0.6433403945086574,-0.416090844664115,-0.4316263002406254,-0.2529475796103851,0.974,0.464,0.07,0.52,0.677,0.666,0.8
1019,#19 Drumming Ground Inshore,119.99393939393939,8.083333333333332,55.96666666666667,-1.8939393939393938,-0.05,-0.021212121212121238,0.6969696969696972,2.8750423796618687,1.2950494964386348,0.6724937202330226,-0.6212548032342846,-0.22749590318269985,-0.02617988106906403,0.28892286781601867,0.004,0.195,0.501,0.534,0.82,0.979,0.773
1020,#20 Corrotoman C-1,20.91428571428571,-1.9142857142857141,3,-0.8,0,0,0.2571428571428571,1.609808116079542,-0.430349863158156,0.13198641075760603,-0.5030141705896103,NaN,0,0.20657011316182422,0.107,0.667,0.895,0.615,NaN,1,0.836
1021,#21 Corrotoman C-2,-3.2857142857142856,-0.6000000000000001,-19.82857142857143,-0.2857142857142857,0,-0.17142857142857143,-0.08571428571428585,-0.2484446646615915,-0.32483417520222585,-0.2473936166161105,-0.23669053416557548,NaN,-0.3785835798500566,-0.06192403787032485,0.804,0.745,0.805,0.813,NaN,0.705,0.951
1022,#22 Corrotoman C-3,21.771428571428572,1.8857142857142857,66.97142857142858,0.1428571428571429,0,-0.08571428571428572,-1.2000000000000002,1.749957025879199,0.7669448846523224,5.103482518303237,0.13905308260380156,NaN,-0.3017804310611086,-0.5559594491425693,0.08,0.443,0,0.889,NaN,0.763,0.578
1023,#23 Middle Ground,3.6857142857142833,-2,34.48571428571428,0.2571428571428571,0,-0.22857142857142856,0.6857142857142855,0.18980363679287396,-0.5639629919722681,3.7271490790339548,0.33623531520665434,NaN,-0.35404183668009576,0.35404183668009576,0.849,0.573,0,0.737,NaN,0.723,0.723
1024,#24 Ferry Rock,61.97142857142857,24.771428571428572,-66.54285714285714,-2.2857142857142856,-0.22857142857142856,-0.14285714285714285,-1,1.2921095824460658,4.3041585337550305,-0.18302044912287324,-0.5849489418443495,-0.382023979077502,-0.17044030471385013,-0.37451839260928194,0.196,0,0.855,0.559,0.702,0.865,0.708
1025,#25 Larson's Bay,-10.790476190476188,-4.209523809523809,4.533333333333331,-0.7428571428571429,-0.02857142857142857,-0.6285714285714286,-2.60952380952381,-0.35205292062368304,-0.5441564243657363,0.29595179866016474,-0.6964171413565788,-0.1690308509457033,-0.5932324350409394,-0.5353351474640777,0.725,0.586,0.767,0.486,0.866,0.553,0.592
1026,#26 Mosquito Island,4.219047619047618,0.21904761904761905,16.247619047619047,-0.3142857142857143,0,-0.05714285714285714,-0.08571428571428572,2.011736282630141,0.6785801869701833,1.584553046491709,-0.4375361448872872,NaN,-0.24264059609731187,-0.3017804310611086,0.044,0.497,0.113,0.662,NaN,0.808,0.763
1028,#28 Broad Creek Inshore,27.799999999999997,7.6000000000000005,45.94285714285714,-0.02857142857142847,0,0,-0.2857142857142856,1.2316481815803904,1.693586634000053,0.810399688242869,-0.020060271357125913,NaN,0,-0.17450589191879814,0.218,0.09,0.418,0.984,NaN,1,0.861
1029,#27-1 Butler's Hole East,71.18571428571428,10.564285714285713,57.55,-1.3285714285714285,-0.02857142857142857,-0.12142857142857144,-1.1642857142857141,1.771430878519325,1.9990438065768628,0.7967025883852125,-0.661925899671961,-0.16903085094570333,-0.11171248330892729,-0.41882593637281124,0.076,0.046,0.426,0.508,0.866,0.911,0.675
1030,#18.1 Drumming Ground Off Add,-0.17142857142857082,-6.285714285714286,70.39999999999999,-1.2571428571428571,-0.7142857142857143,-0.4,-1.6285714285714286,-0.006813646865356397,-0.9798578249415056,5.4971192513100116,-0.4872990021129917,-0.5608759143212778,-0.6146362971528592,-0.5350701082418854,0.995,0.327,0,0.626,0.575,0.539,0.593
1031,#29 Whiting Creek,1.2476190476190485,-0.5428571428571427,-1.352380952380953,-0.5714285714285714,0,-0.22857142857142856,-3.123809523809524,0.12229169154593716,-0.12486067887769826,-0.20336705423805287,-0.4510438321483542,NaN,-0.38202397907750213,-0.7494553589769171,0.903,0.901,0.839,0.652,NaN,0.702,0.454
1032,#30 Whitehouse East,-3.5999999999999996,-1.5142857142857142,10.82857142857143,-1.1428571428571428,-0.6,-0.17142857142857143,-1.5142857142857142,-0.23874867829533158,-0.3504680019076345,0.8706833077030568,-0.4732446276111151,-0.35269001106132714,-0.3785835798500567,-0.42347819777029944,0.811,0.726,0.384,0.636,0.724,0.705,0.672
1033,#31 Whitehouse West,87.57142857142858,23.057142857142857,15.68571428571429,-1.8857142857142857,0,-0.11428571428571427,0.5142857142857142,3.2050193993683953,4.77041951654393,0.09241929626517299,-0.6422079707495348,NaN,-0.19614387237545422,0.13637238413008734,0.001,0,0.926,0.521,NaN,0.844,0.892
1034,#32 Hog House Inshore,1.3238095238095244,-3.704761904761904,12.771428571428572,-0.9238095238095239,0,-0.17142857142857143,-1.0095238095238097,0.09893084401417562,-0.6309634392998179,1.3963717455177695,-0.5120072465704779,NaN,-0.37858357985005675,-0.3951767214177435,0.921,0.528,0.163,0.609,NaN,0.705,0.693
1035,#33 Hog House Offshore,14.771428571428572,-3.9714285714285715,-1.8761904761904757,-0.8571428571428571,0,-0.2857142857142857,-0.6095238095238096,0.8948673563383455,-0.4195193754768274,-0.24593932484986764,-0.6661830491444279,NaN,-0.4990834089450873,-0.3026707806039428,0.371,0.675,0.806,0.505,NaN,0.618,0.762
1036,#34 Little Wicks A,7.495238095238094,1.8666666666666665,5.485714285714286,-0.37142857142857144,0,-0.05714285714285714,0.1523809523809524,1.4172326771728252,0.6069434245620644,1.4380794373303818,-0.5753179846051557,NaN,-0.1690308509457033,0.16024999646737503,0.156,0.544,0.15,0.565,NaN,0.866,0.873
1037,#35 Little Wicks B,5.0285714285714285,1.1928571428571428,0.9214285714285715,-0.4857142857142857,0,-0.02857142857142857,0.38571428571428573,1.105898438844338,0.5368105254295973,0.19055720448306124,-0.5938788021023346,NaN,-0.1690308509457033,1.1948911987953237,0.269,0.591,0.849,0.553,NaN,0.866,0.232
1039,#36.2 Big Wicks B,1.4357142857142855,0.8,-1.4428571428571428,-0.22857142857142856,0,-0.08571428571428572,-0.34285714285714286,0.46115989210345154,0.47217668268576235,-0.327512913933347,-0.35404183668009587,NaN,-0.22949469299658604,-0.3165512065903053,0.645,0.637,0.743,0.723,NaN,0.818,0.752
1040,#36.3 Big Wicks C,2.7214285714285715,1.0499999999999998,-1.0785714285714285,-0.3142857142857143,0,0,-0.26428571428571423,0.6873602835144248,0.34573291714848325,-0.41028046729025625,-0.5393956490324991,NaN,NaN,-0.3098048576419383,0.492,0.73,0.682,0.59,NaN,NaN,0.757
1044,#37 Stove Point,7.571428571428571,0.9714285714285715,-2.3714285714285714,-0.2857142857142857,0,-0.08571428571428572,-0.028571428571428525,1.4659544800035218,0.3113544512565782,-0.5989596171306798,-0.49908340894508724,NaN,-0.30178043106110863,-0.03360904798283177,0.143,0.756,0.549,0.618,NaN,0.763,0.973
1045,#38 Smokey Point,17.74285714285714,0.8857142857142857,-0.6285714285714286,-0.3142857142857143,0,-0.05714285714285714,-0.4857142857142857,2.9371905586331937,0.3414753330630768,-0.12465039392741616,-0.43753614488728726,NaN,-0.1690308509457033,-0.4196721977211035,0.003,0.733,0.901,0.662,NaN,0.866,0.675
1047,#39.2 Waterview B,9.228571428571428,1.9928571428571429,-2.2785714285714285,-0.42857142857142855,0,-0.08571428571428572,-0.5785714285714286,1.5532891000221642,0.7585291915860299,-0.4677060919072424,-0.3661869754156565,NaN,-0.3017804310611087,-0.5704791219417485,0.12,0.448,0.64,0.714,NaN,0.763,0.568
1048,#39.3 Waterview C,9.978571428571428,1.0142857142857142,-2.3357142857142854,-0.2571428571428571,0,-0.14285714285714285,0.23571428571428577,1.7526018049166627,0.36767625414855765,-0.5087184499688496,-0.42097515035934996,NaN,-0.3322493196224943,0.189253332919263,0.08,0.713,0.611,0.674,NaN,0.74,0.85
1053,#27-2 Butler's Hole West,3.971428571428575,10.628571428571426,59.885714285714286,-0.5142857142857145,0,0.02857142857142858,1.4285714285714288,0.06544505170690253,1.5761063986252113,0.41074793579175045,-0.21019190489019043,NaN,0.01983156372066281,0.5655098115223341,0.948,0.115,0.681,0.834,NaN,0.984,0.572
1054,#40 Drumming Ground Sanctuary,83.07619047619048,2.1523809523809527,11.714285714285715,-1.4666666666666666,-0.02857142857142857,-0.3142857142857143,-1.0095238095238097,4.464935093784363,0.42679085680362117,0.35365724477965543,-0.3458096767500482,-0.1690308509457033,-0.3776891558866116,-0.4006305583113438,0,0.67,0.724,0.729,0.866,0.706,0.689
1055,#41 Drumming Ground Sanctuary,-9.407894736842104,-2.3684210526315788,1.421052631578947,-0.9078947368421053,0,-0.10526315789473684,-0.986842105263158,-0.4688914249723988,-0.36796885731779105,0.10038012707864184,-0.36331296892855275,NaN,-0.3384539608149553,-0.4095078552771565,0.639,0.713,0.92,0.716,NaN,0.735,0.682
1056,#42 Corrotoman Sanctuary,-6.833333333333334,-3.611111111111111,9.166666666666666,-0.22222222222222227,0,-0.027777777777777776,-0.38888888888888906,-0.30349609132204197,-0.5072378662757325,0.5131888396979144,-0.2445997952351143,NaN,-0.16666666666666674,-0.13818011087576548,0.762,0.612,0.608,0.807,NaN,0.868,0.89
1057,#43 Temple Bay Sanctuary,54.9047619047619,8.809523809523808,-8.942857142857143,-1.2,0,-0.42857142857142855,-1.057142857142857,2.8873057374755273,1.4401229346803932,-0.14090467457606065,-0.8387182338914954,NaN,-0.5041357197424773,-0.3632980618818949,0.004,0.15,0.888,0.402,NaN,0.614,0.716
1058,#44 Parrots Rock Sanctuary,-15.323809523809524,-3.352380952380953,-7.800000000000001,-1.5714285714285714,0,-0.5428571428571428,-2.4285714285714284,-0.6294313323615446,-0.5770432509258099,-0.35332799503317014,-0.5698280663994284,NaN,-0.5714219206848934,-1.1617767749121493,0.529,0.564,0.724,0.569,NaN,0.568,0.245
1059,#45 Upper Sturgeon Sanctuary,-3.3809523809523796,0.2952380952380942,40.93333333333333,-0.2857142857142858,0,-0.8857142857142857,-1.8666666666666667,-0.09530190231809223,0.02429699584697765,1.289008041917629,-0.15946807616223413,NaN,-0.7490149208449399,-0.30692690952719354,0.924,0.981,0.197,0.873,NaN,0.454,0.759
1060,#46 Lower Sturgeon Sanctuary,15.8952380952381,3.019047619047619,99.28571428571428,0.12380952380952381,0,-0.380952380952381,-1.7428571428571429,0.37347788682505023,0.2128297798253366,2.177088847775292,0.07753891965371032,NaN,-0.4429990928299924,-0.41673261979909587,0.709,0.831,0.029,0.938,NaN,0.658,0.677
1061,#47 Broad Creek Sanctuary,-21.167857142857144,-3.685714285714285,14.960714285714289,-1.2714285714285714,-0.02857142857142857,-0.5785714285714286,-0.5285714285714285,-0.4680751728973702,-0.39720023218649436,0.37313154652532626,-0.5320332345354924,-0.1690308509457033,-0.37491303558618083,-0.10756701598510585,0.64,0.691,0.709,0.595,0.866,0.708,0.914
1062,#48 Upper Larson's Sanctuary,20.25714285714286,0.3428571428571425,2.7809523809523817,-1.0285714285714285,0,-0.009523809523809545,-1.3238095238095238,1.2770726965894792,0.05795621768843131,0.12822144641613037,-0.5087578859007155,NaN,-0.012453159822468706,-0.4343101377502573,0.202,0.954,0.898,0.611,NaN,0.99,0.664
1063,#49 Lower Larson's Sanctuary,36.89523809523809,0.4571428571428573,26.504761904761907,-0.7809523809523811,0,-0.06666666666666671,-3.0761904761904764,1.6594928334684202,0.06853573017723612,1.4212265623729552,-0.5239228122770677,NaN,-0.09062317797602024,-0.9893780418226469,0.097,0.945,0.155,0.6,NaN,0.928,0.322
1064,#50 Butler's Hole Sanctuary,37.307142857142864,31.52857142857143,-9.342857142857142,-2.442857142857143,-0.2571428571428571,-1.6714285714285713,-1.4785714285714286,0.36648958546439103,2.831694740258493,-0.08153416319454815,-0.46511738046628986,-0.2622617371657916,-0.561777893656355,-0.25945587894150046,0.714,0.005,0.935,0.642,0.793,0.574,0.795
1065,#51 Mill Creek Sanctuary,2.833333333333334,4.861111111111112,55.69444444444444,2.916666666666667,0,-0.1111111111111111,0.36111111111111116,0.08946886923672073,0.8221346160492451,2.4568289153764,1.2559644310050995,NaN,-0.21264909650147606,0.15596007932888384,0.929,0.411,0.014,0.209,NaN,0.832,0.876
1066,Bush Park,-4.21904761904762,0.9904761904761901,4.447619047619046,0.6761904761904761,0,-0.34285714285714286,-1.6857142857142857,-0.12983665834235286,0.21436277675177068,0.11867139647054552,0.7212348241825999,NaN,-0.5798825193638245,-0.8037862799673481,0.897,0.83,0.906,0.471,NaN,0.562,0.422
1067,Butler's Hole gravel plant,-1.892857142857146,-10.285714285714286,-75.78571428571428,-1.75,0,-1.9285714285714288,-3.8928571428571432,-0.017799466306388876,-0.2687690013737393,-0.18441940928675457,-0.27285111588247163,NaN,-0.3217834667242943,-0.6652041530769996,0.986,0.788,0.854,0.785,NaN,0.748,0.506
1068,Bush Park 2018 (Stone),11.142857142857144,-0.42857142857142855,27.857142857142854,-0.42857142857142855,0,0,-1,2.283606170699568,-0.47633051162246687,3.1417576561303653,-0.2927700218845599,NaN,NaN,-0.6614378277661477,0.022,0.634,0.002,0.77,NaN,NaN,0.508
1110,#5 H-1 Fox Island,2.5428571428571427,-1.1238095238095238,5.257142857142857,-0.37142857142857144,0.5809523809523809,-0.05714285714285714,-0.5047619047619049,0.3601777133613917,-0.7295143560254906,0.3641393819881151,-0.5753179846051557,1.555464030310194,-0.24264059609731187,-0.4714687001127021,0.719,0.466,0.716,0.565,0.12,0.808,0.637
1111,#7 H-1 Thoroughfare,9.885714285714288,-1.3142857142857145,-4.571428571428573,-0.028571428571428525,0.1142857142857143,0.05714285714285716,-0.25714285714285734,1.0408316998696716,-0.3977944251833069,-0.07526441604669099,-0.031167748898959124,0.4023739080814782,0.08256538382709966,-0.11932803951471474,0.298,0.691,0.94,0.975,0.687,0.934,0.905
1112,#7 H-4 Thoroughfare,-1.9714285714285715,-1.8952380952380954,2.7333333333333334,0.19047619047619047,1.523809523809524,0,-0.37142857142857144,-0.4150791435939753,-0.8677928442354667,0.42348603857068084,0.4429990928299924,3.543992742639941,NaN,-0.24188278218526968,0.678,0.386,0.672,0.658,0,NaN,0.809
1113,#7 H-5 Thoroughfare,47.30714285714286,9.057142857142857,-6.178571428571427,0.09999999999999998,0.16428571428571428,0.4642857142857143,-1.3785714285714286,2.0288318121631126,1.8534600369988041,-0.12938878642930035,0.09173789611800794,0.4398648282434566,0.5887662973504456,-0.5710159136744507,0.042,0.064,0.897,0.927,0.66,0.556,0.568
1114,#7 H-2 Thoroughfare,-3.8285714285714274,-3.2857142857142856,-0.42857142857142705,0.22857142857142865,-0.2571428571428571,0.39999999999999997,-1.6571428571428573,-0.31507717195113055,-0.6369519521415397,-0.018829186793469625,0.21459941764345516,-0.39126084297878755,0.846043423048847,-0.5809062371942345,0.753,0.524,0.985,0.83,0.696,0.398,0.561
1115,#7 H-3 Thoroughfare,15.985714285714286,1.6952380952380954,30.35238095238095,-0.2095238095238095,0.1333333333333333,0.35714285714285715,-0.9428571428571428,0.8917151466900199,0.5064352870550441,0.7077884761641265,-0.14531385184525325,0.2282701901113823,1.005934770203696,-0.39082121685865956,0.373,0.613,0.479,0.884,0.819,0.314,0.696
1124,#8 H-1 California,13.142857142857142,-0.32857142857142874,17.84285714285714,0.4357142857142857,0.10714285714285715,-0.3142857142857143,-1.9,1.2134897558080187,-0.08377805492796124,1.5489051067696602,0.8224358758522113,0.30178043106110874,-0.5393956490324991,-0.643508014015804,0.225,0.933,0.121,0.411,0.763,0.59,0.52
1125,#8 H-2 California,-3.685714285714285,-3.9857142857142858,2.2142857142857153,-0.4642857142857143,0.3,-0.2,-2.35,-0.23349622755105154,-1.0555769849976833,0.09599842821709302,-0.40293060710381495,0.47434164902525705,-0.4230217115244236,-1.0956931496823687,0.815,0.291,0.924,0.687,0.635,0.672,0.273
1126,#8 H-3 California,12.614285714285714,0.1428571428571428,39,0.5071428571428571,0.44285714285714284,-0.14285714285714285,-1.8357142857142859,0.7058888889556819,0.044763509756854426,3.4416143182953487,0.5724405042682504,1.8804646197541675,-0.4023739080814784,-0.7875184154920284,0.48,0.964,0.001,0.567,0.06,0.687,0.431
1127,#8 H-4 California,13.142857142857142,0.1428571428571428,28.799999999999997,-0.2571428571428571,-0.2,-0.057142857142857106,-1.3714285714285714,1.0536736055895795,0.037152936634450615,0.7555285667055139,-0.3362353152066543,-0.4230217115244235,-0.11305730797793674,-0.7107957307015977,0.292,0.97,0.45,0.737,0.672,0.91,0.477
1128,Johnson's Rock,12.915384615384614,0.7115384615384617,37.357692307692304,0.011538461538461497,0.3961538461538462,-0.32307692307692304,-1.2307692307692308,0.352776751857875,0.12529786672265658,0.5805009408757242,0.005473095482859449,0.4961109729072016,-0.3306441530718896,-0.24026815463193346,0.724,0.9,0.562,0.996,0.62,0.741,0.81
1129,Hurley's,35.03809523809524,0.9428571428571428,33.142857142857146,0.38095238095238093,0.4095238095238095,0.638095238095238,0.6666666666666667,5.585011488326471,0.607548961979422,3.3690898823332702,0.8311399706389113,0.8102440405085466,3.7750223377873735,0.35193971995857093,0,0.543,0.001,0.406,0.418,0,0.725
1130,Cod Harbour,48.2084942084942,14.814671814671817,1.9922779922779927,-0.3783783783783784,-0.05405405405405406,0.015444015444015413,-0.38996138996138985,2.447728093211457,3.917594274855911,0.1524979909243273,-0.5555001575924884,-0.23579324756755787,0.023692130932691676,-0.16881071624942834,0.014,0,0.879,0.579,0.814,0.981,0.866
1207,PG13 H-1,37.145714285714284,-0.9114285714285715,52.480000000000004,0.06857142857142856,-0.2,0.1857142857142857,-0.39428571428571435,5.748464009357382,-0.31538588535862977,6.132486507245496,0.0989743318610787,-0.3741657386773944,0.6128258770283418,-0.3596873642484538,0,0.752,0,0.921,0.708,0.54,0.719
1208,PG13 H-2,42.37,1.3399999999999999,20.31,0.905,-0.24,0.4,0.825,2.073813578911234,0.4379545075463358,3.2781916992914084,1.3331672929534701,-0.3113247129976624,1.0982503567738313,0.6713301137455562,0.038,0.661,0.001,0.182,0.756,0.272,0.502
1209,PG13 H-3,40.193333333333335,-0.6066666666666667,34.38,0.76,0.92,0.5266666666666666,-1.22,5.856420887241681,-0.14955276854888105,3.226405414716364,1.2857595304307325,3.357082066318903,1.5025731590146343,-0.8048727953749998,0,0.881,0.001,0.199,0.001,0.133,0.421
1210,PG13 H-4,39.766666666666666,-1.1933333333333331,64.7,1.3866666666666667,-0.12,0.10666666666666666,-0.4266666666666667,5.286660863708483,-0.21539370479281117,8.341392959171843,2.42062265562119,-0.2501063603536737,0.444633529517642,-0.23980203093241345,0,0.829,0,0.015,0.803,0.657,0.81
1211,Onancock (18.1),4.257142857142857,1.6928571428571428,-0.6357142857142861,-0.4357142857142857,0.5714285714285714,-0.14285714285714285,1.7857142857142856,0.4762532836776728,1.7480815686079736,-0.014221117575982309,-0.23044990702550155,0.7346308866924527,-0.40237390808147844,1.5852471462406563,0.634,0.08,0.989,0.818,0.463,0.687,0.113
1213,Parker's Rock,22.740000000000002,-0.5133333333333334,55.24,0.1266666666666667,-0.23333333333333336,0.08666666666666666,-0.4733333333333334,4.46736690749873,-0.4850544070285083,3.379261835463521,0.07901563314278004,-0.24623426473850712,0.31624686131989643,-0.527055878664936,0,0.628,0.001,0.937,0.806,0.752,0.598
1214,PG13 H-5,20.75,1.3611111111111112,13.98888888888889,0.15000000000000002,-0.19444444444444445,0,-0.4166666666666667,5.794952659264766,0.9889006043803192,2.114020183809624,0.20493901531919198,-0.33718931209789593,NaN,-0.6023034832240424,0,0.323,0.035,0.838,0.736,NaN,0.547
1220,Public Ground #9 H-1,-3.62,-0.98,-0.7533333333333333,-0.12,0,-0.1,-0.84,-0.6391616826298839,-0.5994067408557867,-0.30335584412722444,-0.31132471299766235,NaN,-0.27456258919345783,-0.5917997164379287,0.523,0.549,0.762,0.756,NaN,0.784,0.554
1221,Public Ground #9 H-2,-0.019607843137254832,-1.2745098039215685,-1.3529411764705883,-0.13725490196078433,0,-0.0196078431372549,0.2941176470588234,-0.0023802586447496856,-0.41099385326858773,-0.4801527146643681,-0.25902485721800506,NaN,-0.14002800840280094,0.19316300831984556,0.998,0.681,0.631,0.796,NaN,0.889,0.847
1222,Public Ground #10 H-1,15.884615384615385,-0.6217948717948719,1.4935897435897436,-0.07692307692307693,0,-0.038461538461538464,-0.24358974358974356,2.6999242829229106,-0.2911113628347641,0.3870517335571506,-0.23024889362286402,NaN,-0.1980675875320574,-0.24929519477642467,0.007,0.771,0.699,0.818,NaN,0.843,0.803
1223,Public Ground #10 H-2,-0.33333333333333326,0.5428571428571429,-0.23809523809523808,-0.02857142857142857,0,0,-0.42857142857142855,-0.1341246360271594,0.6645823239804436,-0.22957215209139165,-0.1690308509457033,NaN,NaN,-0.5041357197424773,0.893,0.506,0.818,0.866,NaN,NaN,0.614
1225,Public Ground 11-1,12.825,-1.8999999999999995,3.3749999999999996,-0.1,0,0.27499999999999997,0.1499999999999999,0.673476368155967,-0.2175197169493577,0.6586601729779703,-0.26389933145587396,NaN,1.7392527130926083,0.07473696714768475,0.501,0.828,0.51,0.792,NaN,0.082,0.94
1301,COE 1&2,-50.22857142857143,-3.942857142857143,-53.650000000000006,-0.37142857142857144,0,-0.17142857142857143,2.65,-0.4963474246978418,-0.3981760614912968,-0.38824369332328745,-0.5385680342457747,NaN,-0.37858357985005664,0.6963479643171299,0.62,0.691,0.698,0.59,NaN,0.705,0.486
1303,COE 3,-9.542857142857144,0.60952380952381,-75.0952380952381,-0.45714285714285713,0,-0.34285714285714286,0.9047619047619047,-0.12933224863624107,0.0545438743411805,-0.3635612899101055,-0.4079905653272638,NaN,-0.4090567313132403,0.09422902108292595,0.897,0.957,0.716,0.683,NaN,0.682,0.925
1304,COE 4,-54,-4.857142857142857,-93.82857142857142,-1.0285714285714285,0,-0.22857142857142856,11.409523809523808,-0.6044944448335208,-0.4297947810886849,-0.42954570796202135,-0.4817792560709501,NaN,-0.4662430882947407,4.672995982088971,0.546,0.667,0.668,0.63,NaN,0.641,0
1308,COE 8,18.36111111111111,0.5,-5.736111111111111,0.05555555555555555,0,-0.2222222222222222,14.097222222222221,1.0583517329896794,0.2862991671569341,-0.04323369364337496,0.0649100460057532,NaN,-0.29235267310234303,4.239627224290967,0.29,0.775,0.966,0.948,NaN,0.77,0
1309,COE 9,-28.59285714285714,-4.292857142857143,-10.992857142857144,-0.8857142857142857,0,-0.7214285714285714,10.257142857142856,-0.6480978324386332,-0.5338316484077353,-0.2795514183558753,-0.5519792470245973,NaN,-0.4674841554840029,2.5080125388062493,0.517,0.593,0.78,0.581,NaN,0.64,0.012
1310,COE 10,0.0952380952380949,2.247619047619047,-3.2190476190476196,0.019047619047619035,0,-0.11428571428571428,-1.438095238095238,0.003923965430339972,0.6482418633143501,-0.19105943450385224,0.013718842510195332,NaN,-0.2830509147203129,-0.41918339228638574,0.997,0.517,0.848,0.989,NaN,0.777,0.675
1311,COE 11,-36.36507936507937,-7.650793650793651,-9.901587301587298,-0.0444444444444444,0,-0.8380952380952382,0.9269841269841264,-0.6404225983725145,-0.6328928341831909,-0.21058140720317647,-0.03391177459149737,NaN,-0.4912221166214522,0.1348701399294225,0.522,0.527,0.833,0.973,NaN,0.623,0.893
1312,COE 12,-3.6,-1.0285714285714285,-7.666666666666667,-0.45714285714285713,0,0,-0.7428571428571429,-0.2174326123281049,-0.17913343061953974,-0.17790447517590094,-0.31265607064078477,NaN,NaN,-0.1913018429970498,0.828,0.858,0.859,0.755,NaN,NaN,0.848
1313,COE 13,-1.617647058823536,8.191176470588236,-201.27941176470588,-2.411764705882353,0,0.36764705882352944,-2.338235294117647,-0.018399279240617794,0.7885966584942423,-0.43862817906540397,-0.5319878484173594,NaN,0.6668840569027302,-0.6536840906490127,0.985,0.43,0.661,0.595,NaN,0.505,0.513
1315,COE 15,2.438095238095238,0.6285714285714286,1.7428571428571429,0,0,0,4.19047619047619,0.5717888214038863,0.3699146570279659,1.9672603245275095,NaN,NaN,NaN,7.618783064190015,0.567,0.711,0.049,NaN,NaN,NaN,0
1316,COE 16,-24.228571428571428,-6.37142857142857,-3.1999999999999886,-0.5142857142857142,0,-0.6,-4.942857142857143,-0.34964271363854016,-0.6151911748927911,-0.03238225233235285,-0.19897310495631526,NaN,-0.5028842431250666,-0.9694367070147522,0.727,0.538,0.974,0.842,NaN,0.615,0.332
1501,#1 Eastern Branch,NA,NA,NA,NA,NA,NA,NA,NA,NA,NA,NA,NA,NA,NA,NA,NA,NA,NA,NA,NA,NA
1502,#2 Eastern Branch,NA,NA,NA,NA,NA,NA,NA,NA,NA,NA,NA,NA,NA,NA,NA,NA,NA,NA,NA,NA,NA
1503,#3 Eastern Branch,NA,NA,NA,NA,NA,NA,NA,NA,NA,NA,NA,NA,NA,NA,NA,NA,NA,NA,NA,NA,NA
1504,#4 Eastern Branch,NA,NA,NA,NA,NA,NA,NA,NA,NA,NA,NA,NA,NA,NA,NA,NA,NA,NA,NA,NA,NA
1506,#2 Broad Bay,NA,NA,NA,NA,NA,NA,NA,NA,NA,NA,NA,NA,NA,NA,NA,NA,NA,NA,NA,NA,NA
1507,#3 Broad Bay,NA,NA,NA,NA,NA,NA,NA,NA,NA,NA,NA,NA,NA,NA,NA,NA,NA,NA,NA,NA,NA
1508,#1 Linkhorn Bay North,NA,NA,NA,NA,NA,NA,NA,NA,NA,NA,NA,NA,NA,NA,NA,NA,NA,NA,NA,NA,NA
1509,#1 Linkhorn Bay South,NA,NA,NA,NA,NA,NA,NA,NA,NA,NA,NA,NA,NA,NA,NA,NA,NA,NA,NA,NA,NA
1510,#2 Linkhorn Bay,NA,NA,NA,NA,NA,NA,NA,NA,NA,NA,NA,NA,NA,NA,NA,NA,NA,NA,NA,NA,NA
1511,#3 Linkhorn Bay,NA,NA,NA,NA,NA,NA,NA,NA,NA,NA,NA,NA,NA,NA,NA,NA,NA,NA,NA,NA,NA
1512,#4 Linkhorn Bay,NA,NA,NA,NA,NA,NA,NA,NA,NA,NA,NA,NA,NA,NA,NA,NA,NA,NA,NA,NA,NA
1513,#5 Linkhorn Bay,NA,NA,NA,NA,NA,NA,NA,NA,NA,NA,NA,NA,NA,NA,NA,NA,NA,NA,NA,NA,NA
